{
  "$schema": "https://biomejs.dev/schemas/2.0.0-beta.4/schema.json",
  "vcs": {
    "enabled": false,
    "clientKind": "git",
    "useIgnoreFile": false
  },
  "files": {
    "ignoreUnknown": false,
    "includes": [
      "**",
      "!**/worker-configuration.d.ts",
      "!**/dist/**",
      "!**/drizzle/**",
      "!**/node_modules/**",
      "!**/.wrangler/**",
      "!**/.cursor/**",
      "!**/.git/**",
      "!**/coverage/**",
      "!**/styled-system/**"
    ]
  },
  "formatter": {
    "enabled": true,
    "indentStyle": "space"
  },
  "assist": { "actions": { "source": { "organizeImports": "on" } } },
  "linter": {
    "enabled": true,
    "rules": {
      "suspicious": {
        "noConsole": "error"
      },
      "recommended": true,
      "correctness": {
        "noUnusedImports": "error"
      },
      "style": {
        "noParameterAssign": "error",
        "useAsConstAssertion": "error",
        "useDefaultParameterLast": "error",
        "useEnumInitializers": "error",
        "useSelfClosingElements": "error",
        "useConst": "error",
        "useSingleVarDeclarator": "error",
        "noUnusedTemplateLiteral": "error",
        "useNumberNamespace": "error",
        "noInferrableTypes": "error",
        "noUselessElse": "error"
      }
    }
  },
  "javascript": {
    "formatter": {
      "quoteStyle": "double"
    }
  }
}
